DATE_KEY, FULL_DATE , YEAR, MONTH, DAY, WEEKDAY, IS_WEEKEND
20110101, 2011-01-01, 2011,     1,   1,       6, True
20110102, 2011-01-02, 2011,     1,   2,       7, True
20110103, 2011-01-03, 2011,     1,   3,       1, False
20110104, 2011-01-04, 2011,     1,   4,       2, False
20110105, 2011-01-05, 2011,     1,   5,       3, False
20110106, 2011-01-06, 2011,     1,   6,       4, False
20110107, 2011-01-07, 2011,     1,   7,       5, False
20110108, 2011-01-08, 2011,     1,   8,       6, True
20110109, 2011-01-09, 2011,     1,   9,       7, True
20110110, 2011-01-10, 2011,     1,  10,       1, False
20110111, 2011-01-11, 2011,     1,  11,       2, False
20110112, 2011-01-12, 2011,     1,  12,       3, False
20110113, 2011-01-13, 2011,     1,  13,       4, False
20110114, 2011-01-14, 2011,     1,  14,       5, False
20110115, 2011-01-15, 2011,     1,  15,       6, True
20110116, 2011-01-16, 2011,     1,  16,       7, True
20110117, 2011-01-17, 2011,     1,  17,       1, False
20110118, 2011-01-18, 2011,     1,  18,       2, False
20110119, 2011-01-19, 2011,     1,  19,       3, False
20110120, 2011-01-20, 2011,     1,  20,       4, False
20110121, 2011-01-21, 2011,     1,  21,       5, False
20110122, 2011-01-22, 2011,     1,  22,       6, True
20110123, 2011-01-23, 2011,     1,  23,       7, True
20110124, 2011-01-24, 2011,     1,  24,       1, False
20110125, 2011-01-25, 2011,     1,  25,       2, False
20110126, 2011-01-26, 2011,     1,  26,       3, False
20110127, 2011-01-27, 2011,     1,  27,       4, False
20110128, 2011-01-28, 2011,     1,  28,       5, False
20110129, 2011-01-29, 2011,     1,  29,       6, True
20110130, 2011-01-30, 2011,     1,  30,       7, True
20110131, 2011-01-31, 2011,     1,  31,       1, False
20110201, 2011-02-01, 2011,     2,   1,       2, False
20110202, 2011-02-02, 2011,     2,   2,       3, False
20110203, 2011-02-03, 2011,     2,   3,       4, False
20110204, 2011-02-04, 2011,     2,   4,       5, False
20110205, 2011-02-05, 2011,     2,   5,       6, True
20110206, 2011-02-06, 2011,     2,   6,       7, True
20110207, 2011-02-07, 2011,     2,   7,       1, False
20110208, 2011-02-08, 2011,     2,   8,       2, False
20110209, 2011-02-09, 2011,     2,   9,       3, False
20110210, 2011-02-10, 2011,     2,  10,       4, False
20110211, 2011-02-11, 2011,     2,  11,       5, False
20110212, 2011-02-12, 2011,     2,  12,       6, True
20110213, 2011-02-13, 2011,     2,  13,       7, True
20110214, 2011-02-14, 2011,     2,  14,       1, False
20110215, 2011-02-15, 2011,     2,  15,       2, False
20110216, 2011-02-16, 2011,     2,  16,       3, False
20110217, 2011-02-17, 2011,     2,  17,       4, False
20110218, 2011-02-18, 2011,     2,  18,       5, False
20110219, 2011-02-19, 2011,     2,  19,       6, True
20110220, 2011-02-20, 2011,     2,  20,       7, True
20110221, 2011-02-21, 2011,     2,  21,       1, False
20110222, 2011-02-22, 2011,     2,  22,       2, False
20110223, 2011-02-23, 2011,     2,  23,       3, False
20110224, 2011-02-24, 2011,     2,  24,       4, False
20110225, 2011-02-25, 2011,     2,  25,       5, False
20110226, 2011-02-26, 2011,     2,  26,       6, True
20110227, 2011-02-27, 2011,     2,  27,       7, True
20110228, 2011-02-28, 2011,     2,  28,       1, False
20110301, 2011-03-01, 2011,     3,   1,       2, False
20110302, 2011-03-02, 2011,     3,   2,       3, False
20110303, 2011-03-03, 2011,     3,   3,       4, False
20110304, 2011-03-04, 2011,     3,   4,       5, False
20110305, 2011-03-05, 2011,     3,   5,       6, True
20110306, 2011-03-06, 2011,     3,   6,       7, True
20110307, 2011-03-07, 2011,     3,   7,       1, False
20110308, 2011-03-08, 2011,     3,   8,       2, False
20110309, 2011-03-09, 2011,     3,   9,       3, False
20110310, 2011-03-10, 2011,     3,  10,       4, False
20110311, 2011-03-11, 2011,     3,  11,       5, False
20110312, 2011-03-12, 2011,     3,  12,       6, True
20110313, 2011-03-13, 2011,     3,  13,       7, True
20110314, 2011-03-14, 2011,     3,  14,       1, False
20110315, 2011-03-15, 2011,     3,  15,       2, False
20110316, 2011-03-16, 2011,     3,  16,       3, False
20110317, 2011-03-17, 2011,     3,  17,       4, False
20110318, 2011-03-18, 2011,     3,  18,       5, False
20110319, 2011-03-19, 2011,     3,  19,       6, True
20110320, 2011-03-20, 2011,     3,  20,       7, True
20110321, 2011-03-21, 2011,     3,  21,       1, False
20110322, 2011-03-22, 2011,     3,  22,       2, False
20110323, 2011-03-23, 2011,     3,  23,       3, False
20110324, 2011-03-24, 2011,     3,  24,       4, False
20110325, 2011-03-25, 2011,     3,  25,       5, False
20110326, 2011-03-26, 2011,     3,  26,       6, True
20110327, 2011-03-27, 2011,     3,  27,       7, True
20110328, 2011-03-28, 2011,     3,  28,       1, False
20110329, 2011-03-29, 2011,     3,  29,       2, False
20110330, 2011-03-30, 2011,     3,  30,       3, False
20110331, 2011-03-31, 2011,     3,  31,       4, False
20110401, 2011-04-01, 2011,     4,   1,       5, False
20110402, 2011-04-02, 2011,     4,   2,       6, True
20110403, 2011-04-03, 2011,     4,   3,       7, True
20110404, 2011-04-04, 2011,     4,   4,       1, False
20110405, 2011-04-05, 2011,     4,   5,       2, False
20110406, 2011-04-06, 2011,     4,   6,       3, False
20110407, 2011-04-07, 2011,     4,   7,       4, False
20110408, 2011-04-08, 2011,     4,   8,       5, False
20110409, 2011-04-09, 2011,     4,   9,       6, True
20110410, 2011-04-10, 2011,     4,  10,       7, True
20110411, 2011-04-11, 2011,     4,  11,       1, False
20110412, 2011-04-12, 2011,     4,  12,       2, False
20110413, 2011-04-13, 2011,     4,  13,       3, False
20110414, 2011-04-14, 2011,     4,  14,       4, False
20110415, 2011-04-15, 2011,     4,  15,       5, False
20110416, 2011-04-16, 2011,     4,  16,       6, True
20110417, 2011-04-17, 2011,     4,  17,       7, True
20110418, 2011-04-18, 2011,     4,  18,       1, False
20110419, 2011-04-19, 2011,     4,  19,       2, False
20110420, 2011-04-20, 2011,     4,  20,       3, False
20110421, 2011-04-21, 2011,     4,  21,       4, False
20110422, 2011-04-22, 2011,     4,  22,       5, False
20110423, 2011-04-23, 2011,     4,  23,       6, True
20110424, 2011-04-24, 2011,     4,  24,       7, True
20110425, 2011-04-25, 2011,     4,  25,       1, False
20110426, 2011-04-26, 2011,     4,  26,       2, False
20110427, 2011-04-27, 2011,     4,  27,       3, False
20110428, 2011-04-28, 2011,     4,  28,       4, False
20110429, 2011-04-29, 2011,     4,  29,       5, False
20110430, 2011-04-30, 2011,     4,  30,       6, True
20110501, 2011-05-01, 2011,     5,   1,       7, True
20110502, 2011-05-02, 2011,     5,   2,       1, False
20110503, 2011-05-03, 2011,     5,   3,       2, False
20110504, 2011-05-04, 2011,     5,   4,       3, False
20110505, 2011-05-05, 2011,     5,   5,       4, False
20110506, 2011-05-06, 2011,     5,   6,       5, False
20110507, 2011-05-07, 2011,     5,   7,       6, True
20110508, 2011-05-08, 2011,     5,   8,       7, True
20110509, 2011-05-09, 2011,     5,   9,       1, False
20110510, 2011-05-10, 2011,     5,  10,       2, False
20110511, 2011-05-11, 2011,     5,  11,       3, False
20110512, 2011-05-12, 2011,     5,  12,       4, False
20110513, 2011-05-13, 2011,     5,  13,       5, False
20110514, 2011-05-14, 2011,     5,  14,       6, True
20110515, 2011-05-15, 2011,     5,  15,       7, True
20110516, 2011-05-16, 2011,     5,  16,       1, False
20110517, 2011-05-17, 2011,     5,  17,       2, False
20110518, 2011-05-18, 2011,     5,  18,       3, False
20110519, 2011-05-19, 2011,     5,  19,       4, False
20110520, 2011-05-20, 2011,     5,  20,       5, False
20110521, 2011-05-21, 2011,     5,  21,       6, True
20110522, 2011-05-22, 2011,     5,  22,       7, True
20110523, 2011-05-23, 2011,     5,  23,       1, False
20110524, 2011-05-24, 2011,     5,  24,       2, False
20110525, 2011-05-25, 2011,     5,  25,       3, False
20110526, 2011-05-26, 2011,     5,  26,       4, False
20110527, 2011-05-27, 2011,     5,  27,       5, False
20110528, 2011-05-28, 2011,     5,  28,       6, True
20110529, 2011-05-29, 2011,     5,  29,       7, True
20110530, 2011-05-30, 2011,     5,  30,       1, False
20110531, 2011-05-31, 2011,     5,  31,       2, False
20110601, 2011-06-01, 2011,     6,   1,       3, False
20110602, 2011-06-02, 2011,     6,   2,       4, False
20110603, 2011-06-03, 2011,     6,   3,       5, False
20110604, 2011-06-04, 2011,     6,   4,       6, True
20110605, 2011-06-05, 2011,     6,   5,       7, True
20110606, 2011-06-06, 2011,     6,   6,       1, False
20110607, 2011-06-07, 2011,     6,   7,       2, False
20110608, 2011-06-08, 2011,     6,   8,       3, False
20110609, 2011-06-09, 2011,     6,   9,       4, False
20110610, 2011-06-10, 2011,     6,  10,       5, False
20110611, 2011-06-11, 2011,     6,  11,       6, True
20110612, 2011-06-12, 2011,     6,  12,       7, True
20110613, 2011-06-13, 2011,     6,  13,       1, False
20110614, 2011-06-14, 2011,     6,  14,       2, False
20110615, 2011-06-15, 2011,     6,  15,       3, False
20110616, 2011-06-16, 2011,     6,  16,       4, False
20110617, 2011-06-17, 2011,     6,  17,       5, False
20110618, 2011-06-18, 2011,     6,  18,       6, True
20110619, 2011-06-19, 2011,     6,  19,       7, True
20110620, 2011-06-20, 2011,     6,  20,       1, False
20110621, 2011-06-21, 2011,     6,  21,       2, False
20110622, 2011-06-22, 2011,     6,  22,       3, False
20110623, 2011-06-23, 2011,     6,  23,       4, False
20110624, 2011-06-24, 2011,     6,  24,       5, False
20110625, 2011-06-25, 2011,     6,  25,       6, True
20110626, 2011-06-26, 2011,     6,  26,       7, True
20110627, 2011-06-27, 2011,     6,  27,       1, False
20110628, 2011-06-28, 2011,     6,  28,       2, False
20110629, 2011-06-29, 2011,     6,  29,       3, False
20110630, 2011-06-30, 2011,     6,  30,       4, False
20110701, 2011-07-01, 2011,     7,   1,       5, False
20110702, 2011-07-02, 2011,     7,   2,       6, True
20110703, 2011-07-03, 2011,     7,   3,       7, True
20110704, 2011-07-04, 2011,     7,   4,       1, False
20110705, 2011-07-05, 2011,     7,   5,       2, False
20110706, 2011-07-06, 2011,     7,   6,       3, False
20110707, 2011-07-07, 2011,     7,   7,       4, False
20110708, 2011-07-08, 2011,     7,   8,       5, False
20110709, 2011-07-09, 2011,     7,   9,       6, True
20110710, 2011-07-10, 2011,     7,  10,       7, True
20110711, 2011-07-11, 2011,     7,  11,       1, False
20110712, 2011-07-12, 2011,     7,  12,       2, False
20110713, 2011-07-13, 2011,     7,  13,       3, False
20110714, 2011-07-14, 2011,     7,  14,       4, False
20110715, 2011-07-15, 2011,     7,  15,       5, False
20110716, 2011-07-16, 2011,     7,  16,       6, True
20110717, 2011-07-17, 2011,     7,  17,       7, True
20110718, 2011-07-18, 2011,     7,  18,       1, False
20110719, 2011-07-19, 2011,     7,  19,       2, False
20110720, 2011-07-20, 2011,     7,  20,       3, False
20110721, 2011-07-21, 2011,     7,  21,       4, False
20110722, 2011-07-22, 2011,     7,  22,       5, False
20110723, 2011-07-23, 2011,     7,  23,       6, True
20110724, 2011-07-24, 2011,     7,  24,       7, True
20110725, 2011-07-25, 2011,     7,  25,       1, False
20110726, 2011-07-26, 2011,     7,  26,       2, False
20110727, 2011-07-27, 2011,     7,  27,       3, False
20110728, 2011-07-28, 2011,     7,  28,       4, False
20110729, 2011-07-29, 2011,     7,  29,       5, False
20110730, 2011-07-30, 2011,     7,  30,       6, True
20110731, 2011-07-31, 2011,     7,  31,       7, True
20110801, 2011-08-01, 2011,     8,   1,       1, False
20110802, 2011-08-02, 2011,     8,   2,       2, False
20110803, 2011-08-03, 2011,     8,   3,       3, False
20110804, 2011-08-04, 2011,     8,   4,       4, False
20110805, 2011-08-05, 2011,     8,   5,       5, False
20110806, 2011-08-06, 2011,     8,   6,       6, True
20110807, 2011-08-07, 2011,     8,   7,       7, True
20110808, 2011-08-08, 2011,     8,   8,       1, False
20110809, 2011-08-09, 2011,     8,   9,       2, False
20110810, 2011-08-10, 2011,     8,  10,       3, False
20110811, 2011-08-11, 2011,     8,  11,       4, False
20110812, 2011-08-12, 2011,     8,  12,       5, False
20110813, 2011-08-13, 2011,     8,  13,       6, True
20110814, 2011-08-14, 2011,     8,  14,       7, True
20110815, 2011-08-15, 2011,     8,  15,       1, False
20110816, 2011-08-16, 2011,     8,  16,       2, False
20110817, 2011-08-17, 2011,     8,  17,       3, False
20110818, 2011-08-18, 2011,     8,  18,       4, False
20110819, 2011-08-19, 2011,     8,  19,       5, False
20110820, 2011-08-20, 2011,     8,  20,       6, True
20110821, 2011-08-21, 2011,     8,  21,       7, True
20110822, 2011-08-22, 2011,     8,  22,       1, False
20110823, 2011-08-23, 2011,     8,  23,       2, False
20110824, 2011-08-24, 2011,     8,  24,       3, False
20110825, 2011-08-25, 2011,     8,  25,       4, False
20110826, 2011-08-26, 2011,     8,  26,       5, False
20110827, 2011-08-27, 2011,     8,  27,       6, True
20110828, 2011-08-28, 2011,     8,  28,       7, True
20110829, 2011-08-29, 2011,     8,  29,       1, False
20110830, 2011-08-30, 2011,     8,  30,       2, False
20110831, 2011-08-31, 2011,     8,  31,       3, False
20110901, 2011-09-01, 2011,     9,   1,       4, False
20110902, 2011-09-02, 2011,     9,   2,       5, False
20110903, 2011-09-03, 2011,     9,   3,       6, True
20110904, 2011-09-04, 2011,     9,   4,       7, True
20110905, 2011-09-05, 2011,     9,   5,       1, False
20110906, 2011-09-06, 2011,     9,   6,       2, False
20110907, 2011-09-07, 2011,     9,   7,       3, False
20110908, 2011-09-08, 2011,     9,   8,       4, False
20110909, 2011-09-09, 2011,     9,   9,       5, False
20110910, 2011-09-10, 2011,     9,  10,       6, True
20110911, 2011-09-11, 2011,     9,  11,       7, True
20110912, 2011-09-12, 2011,     9,  12,       1, False
20110913, 2011-09-13, 2011,     9,  13,       2, False
20110914, 2011-09-14, 2011,     9,  14,       3, False
20110915, 2011-09-15, 2011,     9,  15,       4, False
20110916, 2011-09-16, 2011,     9,  16,       5, False
20110917, 2011-09-17, 2011,     9,  17,       6, True
20110918, 2011-09-18, 2011,     9,  18,       7, True
20110919, 2011-09-19, 2011,     9,  19,       1, False
20110920, 2011-09-20, 2011,     9,  20,       2, False
20110921, 2011-09-21, 2011,     9,  21,       3, False
20110922, 2011-09-22, 2011,     9,  22,       4, False
20110923, 2011-09-23, 2011,     9,  23,       5, False
20110924, 2011-09-24, 2011,     9,  24,       6, True
20110925, 2011-09-25, 2011,     9,  25,       7, True
20110926, 2011-09-26, 2011,     9,  26,       1, False
20110927, 2011-09-27, 2011,     9,  27,       2, False
20110928, 2011-09-28, 2011,     9,  28,       3, False
20110929, 2011-09-29, 2011,     9,  29,       4, False
20110930, 2011-09-30, 2011,     9,  30,       5, False
20111001, 2011-10-01, 2011,    10,   1,       6, True
20111002, 2011-10-02, 2011,    10,   2,       7, True
20111003, 2011-10-03, 2011,    10,   3,       1, False
20111004, 2011-10-04, 2011,    10,   4,       2, False
20111005, 2011-10-05, 2011,    10,   5,       3, False
20111006, 2011-10-06, 2011,    10,   6,       4, False
20111007, 2011-10-07, 2011,    10,   7,       5, False
20111008, 2011-10-08, 2011,    10,   8,       6, True
20111009, 2011-10-09, 2011,    10,   9,       7, True
20111010, 2011-10-10, 2011,    10,  10,       1, False
20111011, 2011-10-11, 2011,    10,  11,       2, False
20111012, 2011-10-12, 2011,    10,  12,       3, False
20111013, 2011-10-13, 2011,    10,  13,       4, False
20111014, 2011-10-14, 2011,    10,  14,       5, False
20111015, 2011-10-15, 2011,    10,  15,       6, True
20111016, 2011-10-16, 2011,    10,  16,       7, True
20111017, 2011-10-17, 2011,    10,  17,       1, False
20111018, 2011-10-18, 2011,    10,  18,       2, False
20111019, 2011-10-19, 2011,    10,  19,       3, False
20111020, 2011-10-20, 2011,    10,  20,       4, False
20111021, 2011-10-21, 2011,    10,  21,       5, False
20111022, 2011-10-22, 2011,    10,  22,       6, True
20111023, 2011-10-23, 2011,    10,  23,       7, True
20111024, 2011-10-24, 2011,    10,  24,       1, False
20111025, 2011-10-25, 2011,    10,  25,       2, False
20111026, 2011-10-26, 2011,    10,  26,       3, False
20111027, 2011-10-27, 2011,    10,  27,       4, False
20111028, 2011-10-28, 2011,    10,  28,       5, False
20111029, 2011-10-29, 2011,    10,  29,       6, True
20111030, 2011-10-30, 2011,    10,  30,       7, True
20111031, 2011-10-31, 2011,    10,  31,       1, False
20111101, 2011-11-01, 2011,    11,   1,       2, False
20111102, 2011-11-02, 2011,    11,   2,       3, False
20111103, 2011-11-03, 2011,    11,   3,       4, False
20111104, 2011-11-04, 2011,    11,   4,       5, False
20111105, 2011-11-05, 2011,    11,   5,       6, True
20111106, 2011-11-06, 2011,    11,   6,       7, True
20111107, 2011-11-07, 2011,    11,   7,       1, False
20111108, 2011-11-08, 2011,    11,   8,       2, False
20111109, 2011-11-09, 2011,    11,   9,       3, False
20111110, 2011-11-10, 2011,    11,  10,       4, False
20111111, 2011-11-11, 2011,    11,  11,       5, False
20111112, 2011-11-12, 2011,    11,  12,       6, True
20111113, 2011-11-13, 2011,    11,  13,       7, True
20111114, 2011-11-14, 2011,    11,  14,       1, False
20111115, 2011-11-15, 2011,    11,  15,       2, False
20111116, 2011-11-16, 2011,    11,  16,       3, False
20111117, 2011-11-17, 2011,    11,  17,       4, False
20111118, 2011-11-18, 2011,    11,  18,       5, False
20111119, 2011-11-19, 2011,    11,  19,       6, True
20111120, 2011-11-20, 2011,    11,  20,       7, True
20111121, 2011-11-21, 2011,    11,  21,       1, False
20111122, 2011-11-22, 2011,    11,  22,       2, False
20111123, 2011-11-23, 2011,    11,  23,       3, False
20111124, 2011-11-24, 2011,    11,  24,       4, False
20111125, 2011-11-25, 2011,    11,  25,       5, False
20111126, 2011-11-26, 2011,    11,  26,       6, True
20111127, 2011-11-27, 2011,    11,  27,       7, True
20111128, 2011-11-28, 2011,    11,  28,       1, False
20111129, 2011-11-29, 2011,    11,  29,       2, False
20111130, 2011-11-30, 2011,    11,  30,       3, False
20111201, 2011-12-01, 2011,    12,   1,       4, False
20111202, 2011-12-02, 2011,    12,   2,       5, False
20111203, 2011-12-03, 2011,    12,   3,       6, True
20111204, 2011-12-04, 2011,    12,   4,       7, True
20111205, 2011-12-05, 2011,    12,   5,       1, False
20111206, 2011-12-06, 2011,    12,   6,       2, False
20111207, 2011-12-07, 2011,    12,   7,       3, False
20111208, 2011-12-08, 2011,    12,   8,       4, False
20111209, 2011-12-09, 2011,    12,   9,       5, False
20111210, 2011-12-10, 2011,    12,  10,       6, True
20111211, 2011-12-11, 2011,    12,  11,       7, True
20111212, 2011-12-12, 2011,    12,  12,       1, False
20111213, 2011-12-13, 2011,    12,  13,       2, False
20111214, 2011-12-14, 2011,    12,  14,       3, False
20111215, 2011-12-15, 2011,    12,  15,       4, False
20111216, 2011-12-16, 2011,    12,  16,       5, False
20111217, 2011-12-17, 2011,    12,  17,       6, True
20111218, 2011-12-18, 2011,    12,  18,       7, True
20111219, 2011-12-19, 2011,    12,  19,       1, False
20111220, 2011-12-20, 2011,    12,  20,       2, False
20111221, 2011-12-21, 2011,    12,  21,       3, False
20111222, 2011-12-22, 2011,    12,  22,       4, False
20111223, 2011-12-23, 2011,    12,  23,       5, False
20111224, 2011-12-24, 2011,    12,  24,       6, True
20111225, 2011-12-25, 2011,    12,  25,       7, True
20111226, 2011-12-26, 2011,    12,  26,       1, False
20111227, 2011-12-27, 2011,    12,  27,       2, False
20111228, 2011-12-28, 2011,    12,  28,       3, False
20111229, 2011-12-29, 2011,    12,  29,       4, False
20111230, 2011-12-30, 2011,    12,  30,       5, False
20111231, 2011-12-31, 2011,    12,  31,       6, True
20120101, 2012-01-01, 2012,     1,   1,       7, True
20120102, 2012-01-02, 2012,     1,   2,       1, False
20120103, 2012-01-03, 2012,     1,   3,       2, False
20120104, 2012-01-04, 2012,     1,   4,       3, False
20120105, 2012-01-05, 2012,     1,   5,       4, False
20120106, 2012-01-06, 2012,     1,   6,       5, False
20120107, 2012-01-07, 2012,     1,   7,       6, True
20120108, 2012-01-08, 2012,     1,   8,       7, True
20120109, 2012-01-09, 2012,     1,   9,       1, False
20120110, 2012-01-10, 2012,     1,  10,       2, False
20120111, 2012-01-11, 2012,     1,  11,       3, False
20120112, 2012-01-12, 2012,     1,  12,       4, False
20120113, 2012-01-13, 2012,     1,  13,       5, False
20120114, 2012-01-14, 2012,     1,  14,       6, True
20120115, 2012-01-15, 2012,     1,  15,       7, True
20120116, 2012-01-16, 2012,     1,  16,       1, False
20120117, 2012-01-17, 2012,     1,  17,       2, False
20120118, 2012-01-18, 2012,     1,  18,       3, False
20120119, 2012-01-19, 2012,     1,  19,       4, False
20120120, 2012-01-20, 2012,     1,  20,       5, False
20120121, 2012-01-21, 2012,     1,  21,       6, True
20120122, 2012-01-22, 2012,     1,  22,       7, True
20120123, 2012-01-23, 2012,     1,  23,       1, False
20120124, 2012-01-24, 2012,     1,  24,       2, False
20120125, 2012-01-25, 2012,     1,  25,       3, False
20120126, 2012-01-26, 2012,     1,  26,       4, False
20120127, 2012-01-27, 2012,     1,  27,       5, False
20120128, 2012-01-28, 2012,     1,  28,       6, True
20120129, 2012-01-29, 2012,     1,  29,       7, True
20120130, 2012-01-30, 2012,     1,  30,       1, False
20120131, 2012-01-31, 2012,     1,  31,       2, False
20120201, 2012-02-01, 2012,     2,   1,       3, False
20120202, 2012-02-02, 2012,     2,   2,       4, False
20120203, 2012-02-03, 2012,     2,   3,       5, False
20120204, 2012-02-04, 2012,     2,   4,       6, True
20120205, 2012-02-05, 2012,     2,   5,       7, True
20120206, 2012-02-06, 2012,     2,   6,       1, False
20120207, 2012-02-07, 2012,     2,   7,       2, False
20120208, 2012-02-08, 2012,     2,   8,       3, False
20120209, 2012-02-09, 2012,     2,   9,       4, False
20120210, 2012-02-10, 2012,     2,  10,       5, False
20120211, 2012-02-11, 2012,     2,  11,       6, True
20120212, 2012-02-12, 2012,     2,  12,       7, True
20120213, 2012-02-13, 2012,     2,  13,       1, False
20120214, 2012-02-14, 2012,     2,  14,       2, False
20120215, 2012-02-15, 2012,     2,  15,       3, False
20120216, 2012-02-16, 2012,     2,  16,       4, False
20120217, 2012-02-17, 2012,     2,  17,       5, False
20120218, 2012-02-18, 2012,     2,  18,       6, True
20120219, 2012-02-19, 2012,     2,  19,       7, True
20120220, 2012-02-20, 2012,     2,  20,       1, False
20120221, 2012-02-21, 2012,     2,  21,       2, False
20120222, 2012-02-22, 2012,     2,  22,       3, False
20120223, 2012-02-23, 2012,     2,  23,       4, False
20120224, 2012-02-24, 2012,     2,  24,       5, False
20120225, 2012-02-25, 2012,     2,  25,       6, True
20120226, 2012-02-26, 2012,     2,  26,       7, True
20120227, 2012-02-27, 2012,     2,  27,       1, False
20120228, 2012-02-28, 2012,     2,  28,       2, False
20120229, 2012-02-29, 2012,     2,  29,       3, False
20120301, 2012-03-01, 2012,     3,   1,       4, False
20120302, 2012-03-02, 2012,     3,   2,       5, False
20120303, 2012-03-03, 2012,     3,   3,       6, True
20120304, 2012-03-04, 2012,     3,   4,       7, True
20120305, 2012-03-05, 2012,     3,   5,       1, False
20120306, 2012-03-06, 2012,     3,   6,       2, False
20120307, 2012-03-07, 2012,     3,   7,       3, False
20120308, 2012-03-08, 2012,     3,   8,       4, False
20120309, 2012-03-09, 2012,     3,   9,       5, False
20120310, 2012-03-10, 2012,     3,  10,       6, True
20120311, 2012-03-11, 2012,     3,  11,       7, True
20120312, 2012-03-12, 2012,     3,  12,       1, False
20120313, 2012-03-13, 2012,     3,  13,       2, False
20120314, 2012-03-14, 2012,     3,  14,       3, False
20120315, 2012-03-15, 2012,     3,  15,       4, False
20120316, 2012-03-16, 2012,     3,  16,       5, False
20120317, 2012-03-17, 2012,     3,  17,       6, True
20120318, 2012-03-18, 2012,     3,  18,       7, True
20120319, 2012-03-19, 2012,     3,  19,       1, False
20120320, 2012-03-20, 2012,     3,  20,       2, False
20120321, 2012-03-21, 2012,     3,  21,       3, False
20120322, 2012-03-22, 2012,     3,  22,       4, False
20120323, 2012-03-23, 2012,     3,  23,       5, False
20120324, 2012-03-24, 2012,     3,  24,       6, True
20120325, 2012-03-25, 2012,     3,  25,       7, True
20120326, 2012-03-26, 2012,     3,  26,       1, False
20120327, 2012-03-27, 2012,     3,  27,       2, False
20120328, 2012-03-28, 2012,     3,  28,       3, False
20120329, 2012-03-29, 2012,     3,  29,       4, False
20120330, 2012-03-30, 2012,     3,  30,       5, False
20120331, 2012-03-31, 2012,     3,  31,       6, True
20120401, 2012-04-01, 2012,     4,   1,       7, True
20120402, 2012-04-02, 2012,     4,   2,       1, False
20120403, 2012-04-03, 2012,     4,   3,       2, False
20120404, 2012-04-04, 2012,     4,   4,       3, False
20120405, 2012-04-05, 2012,     4,   5,       4, False
20120406, 2012-04-06, 2012,     4,   6,       5, False
20120407, 2012-04-07, 2012,     4,   7,       6, True
20120408, 2012-04-08, 2012,     4,   8,       7, True
20120409, 2012-04-09, 2012,     4,   9,       1, False
20120410, 2012-04-10, 2012,     4,  10,       2, False
20120411, 2012-04-11, 2012,     4,  11,       3, False
20120412, 2012-04-12, 2012,     4,  12,       4, False
20120413, 2012-04-13, 2012,     4,  13,       5, False
20120414, 2012-04-14, 2012,     4,  14,       6, True
20120415, 2012-04-15, 2012,     4,  15,       7, True
20120416, 2012-04-16, 2012,     4,  16,       1, False
20120417, 2012-04-17, 2012,     4,  17,       2, False
20120418, 2012-04-18, 2012,     4,  18,       3, False
20120419, 2012-04-19, 2012,     4,  19,       4, False
20120420, 2012-04-20, 2012,     4,  20,       5, False
20120421, 2012-04-21, 2012,     4,  21,       6, True
20120422, 2012-04-22, 2012,     4,  22,       7, True
20120423, 2012-04-23, 2012,     4,  23,       1, False
20120424, 2012-04-24, 2012,     4,  24,       2, False
20120425, 2012-04-25, 2012,     4,  25,       3, False
20120426, 2012-04-26, 2012,     4,  26,       4, False
20120427, 2012-04-27, 2012,     4,  27,       5, False
20120428, 2012-04-28, 2012,     4,  28,       6, True
20120429, 2012-04-29, 2012,     4,  29,       7, True
20120430, 2012-04-30, 2012,     4,  30,       1, False
20120501, 2012-05-01, 2012,     5,   1,       2, False
20120502, 2012-05-02, 2012,     5,   2,       3, False
20120503, 2012-05-03, 2012,     5,   3,       4, False
20120504, 2012-05-04, 2012,     5,   4,       5, False
20120505, 2012-05-05, 2012,     5,   5,       6, True
20120506, 2012-05-06, 2012,     5,   6,       7, True
20120507, 2012-05-07, 2012,     5,   7,       1, False
20120508, 2012-05-08, 2012,     5,   8,       2, False
20120509, 2012-05-09, 2012,     5,   9,       3, False
20120510, 2012-05-10, 2012,     5,  10,       4, False
20120511, 2012-05-11, 2012,     5,  11,       5, False
20120512, 2012-05-12, 2012,     5,  12,       6, True
20120513, 2012-05-13, 2012,     5,  13,       7, True
20120514, 2012-05-14, 2012,     5,  14,       1, False
20120515, 2012-05-15, 2012,     5,  15,       2, False
20120516, 2012-05-16, 2012,     5,  16,       3, False
20120517, 2012-05-17, 2012,     5,  17,       4, False
20120518, 2012-05-18, 2012,     5,  18,       5, False
20120519, 2012-05-19, 2012,     5,  19,       6, True
20120520, 2012-05-20, 2012,     5,  20,       7, True
20120521, 2012-05-21, 2012,     5,  21,       1, False
20120522, 2012-05-22, 2012,     5,  22,       2, False
20120523, 2012-05-23, 2012,     5,  23,       3, False
20120524, 2012-05-24, 2012,     5,  24,       4, False
20120525, 2012-05-25, 2012,     5,  25,       5, False
20120526, 2012-05-26, 2012,     5,  26,       6, True
20120527, 2012-05-27, 2012,     5,  27,       7, True
20120528, 2012-05-28, 2012,     5,  28,       1, False
20120529, 2012-05-29, 2012,     5,  29,       2, False
20120530, 2012-05-30, 2012,     5,  30,       3, False
20120531, 2012-05-31, 2012,     5,  31,       4, False
20120601, 2012-06-01, 2012,     6,   1,       5, False
20120602, 2012-06-02, 2012,     6,   2,       6, True
20120603, 2012-06-03, 2012,     6,   3,       7, True
20120604, 2012-06-04, 2012,     6,   4,       1, False
20120605, 2012-06-05, 2012,     6,   5,       2, False
20120606, 2012-06-06, 2012,     6,   6,       3, False
20120607, 2012-06-07, 2012,     6,   7,       4, False
20120608, 2012-06-08, 2012,     6,   8,       5, False
20120609, 2012-06-09, 2012,     6,   9,       6, True
20120610, 2012-06-10, 2012,     6,  10,       7, True
20120611, 2012-06-11, 2012,     6,  11,       1, False
20120612, 2012-06-12, 2012,     6,  12,       2, False
20120613, 2012-06-13, 2012,     6,  13,       3, False
20120614, 2012-06-14, 2012,     6,  14,       4, False
20120615, 2012-06-15, 2012,     6,  15,       5, False
20120616, 2012-06-16, 2012,     6,  16,       6, True
20120617, 2012-06-17, 2012,     6,  17,       7, True
20120618, 2012-06-18, 2012,     6,  18,       1, False
20120619, 2012-06-19, 2012,     6,  19,       2, False
20120620, 2012-06-20, 2012,     6,  20,       3, False
20120621, 2012-06-21, 2012,     6,  21,       4, False
20120622, 2012-06-22, 2012,     6,  22,       5, False
20120623, 2012-06-23, 2012,     6,  23,       6, True
20120624, 2012-06-24, 2012,     6,  24,       7, True
20120625, 2012-06-25, 2012,     6,  25,       1, False
20120626, 2012-06-26, 2012,     6,  26,       2, False
20120627, 2012-06-27, 2012,     6,  27,       3, False
20120628, 2012-06-28, 2012,     6,  28,       4, False
20120629, 2012-06-29, 2012,     6,  29,       5, False
20120630, 2012-06-30, 2012,     6,  30,       6, True
20120701, 2012-07-01, 2012,     7,   1,       7, True
20120702, 2012-07-02, 2012,     7,   2,       1, False
20120703, 2012-07-03, 2012,     7,   3,       2, False
20120704, 2012-07-04, 2012,     7,   4,       3, False
20120705, 2012-07-05, 2012,     7,   5,       4, False
20120706, 2012-07-06, 2012,     7,   6,       5, False
20120707, 2012-07-07, 2012,     7,   7,       6, True
20120708, 2012-07-08, 2012,     7,   8,       7, True
20120709, 2012-07-09, 2012,     7,   9,       1, False
20120710, 2012-07-10, 2012,     7,  10,       2, False
20120711, 2012-07-11, 2012,     7,  11,       3, False
20120712, 2012-07-12, 2012,     7,  12,       4, False
20120713, 2012-07-13, 2012,     7,  13,       5, False
20120714, 2012-07-14, 2012,     7,  14,       6, True
20120715, 2012-07-15, 2012,     7,  15,       7, True
20120716, 2012-07-16, 2012,     7,  16,       1, False
20120717, 2012-07-17, 2012,     7,  17,       2, False
20120718, 2012-07-18, 2012,     7,  18,       3, False
20120719, 2012-07-19, 2012,     7,  19,       4, False
20120720, 2012-07-20, 2012,     7,  20,       5, False
20120721, 2012-07-21, 2012,     7,  21,       6, True
20120722, 2012-07-22, 2012,     7,  22,       7, True
20120723, 2012-07-23, 2012,     7,  23,       1, False
20120724, 2012-07-24, 2012,     7,  24,       2, False
20120725, 2012-07-25, 2012,     7,  25,       3, False
20120726, 2012-07-26, 2012,     7,  26,       4, False
20120727, 2012-07-27, 2012,     7,  27,       5, False
20120728, 2012-07-28, 2012,     7,  28,       6, True
20120729, 2012-07-29, 2012,     7,  29,       7, True
20120730, 2012-07-30, 2012,     7,  30,       1, False
20120731, 2012-07-31, 2012,     7,  31,       2, False
20120801, 2012-08-01, 2012,     8,   1,       3, False
20120802, 2012-08-02, 2012,     8,   2,       4, False
20120803, 2012-08-03, 2012,     8,   3,       5, False
20120804, 2012-08-04, 2012,     8,   4,       6, True
20120805, 2012-08-05, 2012,     8,   5,       7, True
20120806, 2012-08-06, 2012,     8,   6,       1, False
20120807, 2012-08-07, 2012,     8,   7,       2, False
20120808, 2012-08-08, 2012,     8,   8,       3, False
20120809, 2012-08-09, 2012,     8,   9,       4, False
20120810, 2012-08-10, 2012,     8,  10,       5, False
20120811, 2012-08-11, 2012,     8,  11,       6, True
20120812, 2012-08-12, 2012,     8,  12,       7, True
20120813, 2012-08-13, 2012,     8,  13,       1, False
20120814, 2012-08-14, 2012,     8,  14,       2, False
20120815, 2012-08-15, 2012,     8,  15,       3, False
20120816, 2012-08-16, 2012,     8,  16,       4, False
20120817, 2012-08-17, 2012,     8,  17,       5, False
20120818, 2012-08-18, 2012,     8,  18,       6, True
20120819, 2012-08-19, 2012,     8,  19,       7, True
20120820, 2012-08-20, 2012,     8,  20,       1, False
20120821, 2012-08-21, 2012,     8,  21,       2, False
20120822, 2012-08-22, 2012,     8,  22,       3, False
20120823, 2012-08-23, 2012,     8,  23,       4, False
20120824, 2012-08-24, 2012,     8,  24,       5, False
20120825, 2012-08-25, 2012,     8,  25,       6, True
20120826, 2012-08-26, 2012,     8,  26,       7, True
20120827, 2012-08-27, 2012,     8,  27,       1, False
20120828, 2012-08-28, 2012,     8,  28,       2, False
20120829, 2012-08-29, 2012,     8,  29,       3, False
20120830, 2012-08-30, 2012,     8,  30,       4, False
20120831, 2012-08-31, 2012,     8,  31,       5, False
20120901, 2012-09-01, 2012,     9,   1,       6, True
20120902, 2012-09-02, 2012,     9,   2,       7, True
20120903, 2012-09-03, 2012,     9,   3,       1, False
20120904, 2012-09-04, 2012,     9,   4,       2, False
20120905, 2012-09-05, 2012,     9,   5,       3, False
20120906, 2012-09-06, 2012,     9,   6,       4, False
20120907, 2012-09-07, 2012,     9,   7,       5, False
20120908, 2012-09-08, 2012,     9,   8,       6, True
20120909, 2012-09-09, 2012,     9,   9,       7, True
20120910, 2012-09-10, 2012,     9,  10,       1, False
20120911, 2012-09-11, 2012,     9,  11,       2, False
20120912, 2012-09-12, 2012,     9,  12,       3, False
20120913, 2012-09-13, 2012,     9,  13,       4, False
20120914, 2012-09-14, 2012,     9,  14,       5, False
20120915, 2012-09-15, 2012,     9,  15,       6, True
20120916, 2012-09-16, 2012,     9,  16,       7, True
20120917, 2012-09-17, 2012,     9,  17,       1, False
20120918, 2012-09-18, 2012,     9,  18,       2, False
20120919, 2012-09-19, 2012,     9,  19,       3, False
20120920, 2012-09-20, 2012,     9,  20,       4, False
20120921, 2012-09-21, 2012,     9,  21,       5, False
20120922, 2012-09-22, 2012,     9,  22,       6, True
20120923, 2012-09-23, 2012,     9,  23,       7, True
20120924, 2012-09-24, 2012,     9,  24,       1, False
20120925, 2012-09-25, 2012,     9,  25,       2, False
20120926, 2012-09-26, 2012,     9,  26,       3, False
20120927, 2012-09-27, 2012,     9,  27,       4, False
20120928, 2012-09-28, 2012,     9,  28,       5, False
20120929, 2012-09-29, 2012,     9,  29,       6, True
20120930, 2012-09-30, 2012,     9,  30,       7, True
20121001, 2012-10-01, 2012,    10,   1,       1, False
20121002, 2012-10-02, 2012,    10,   2,       2, False
20121003, 2012-10-03, 2012,    10,   3,       3, False
20121004, 2012-10-04, 2012,    10,   4,       4, False
20121005, 2012-10-05, 2012,    10,   5,       5, False
20121006, 2012-10-06, 2012,    10,   6,       6, True
20121007, 2012-10-07, 2012,    10,   7,       7, True
20121008, 2012-10-08, 2012,    10,   8,       1, False
20121009, 2012-10-09, 2012,    10,   9,       2, False
20121010, 2012-10-10, 2012,    10,  10,       3, False
20121011, 2012-10-11, 2012,    10,  11,       4, False
20121012, 2012-10-12, 2012,    10,  12,       5, False
20121013, 2012-10-13, 2012,    10,  13,       6, True
20121014, 2012-10-14, 2012,    10,  14,       7, True
20121015, 2012-10-15, 2012,    10,  15,       1, False
20121016, 2012-10-16, 2012,    10,  16,       2, False
20121017, 2012-10-17, 2012,    10,  17,       3, False
20121018, 2012-10-18, 2012,    10,  18,       4, False
20121019, 2012-10-19, 2012,    10,  19,       5, False
20121020, 2012-10-20, 2012,    10,  20,       6, True
20121021, 2012-10-21, 2012,    10,  21,       7, True
20121022, 2012-10-22, 2012,    10,  22,       1, False
20121023, 2012-10-23, 2012,    10,  23,       2, False
20121024, 2012-10-24, 2012,    10,  24,       3, False
20121025, 2012-10-25, 2012,    10,  25,       4, False
20121026, 2012-10-26, 2012,    10,  26,       5, False
20121027, 2012-10-27, 2012,    10,  27,       6, True
20121028, 2012-10-28, 2012,    10,  28,       7, True
20121029, 2012-10-29, 2012,    10,  29,       1, False
20121030, 2012-10-30, 2012,    10,  30,       2, False
20121031, 2012-10-31, 2012,    10,  31,       3, False
20121101, 2012-11-01, 2012,    11,   1,       4, False
20121102, 2012-11-02, 2012,    11,   2,       5, False
20121103, 2012-11-03, 2012,    11,   3,       6, True
20121104, 2012-11-04, 2012,    11,   4,       7, True
20121105, 2012-11-05, 2012,    11,   5,       1, False
20121106, 2012-11-06, 2012,    11,   6,       2, False
20121107, 2012-11-07, 2012,    11,   7,       3, False
20121108, 2012-11-08, 2012,    11,   8,       4, False
20121109, 2012-11-09, 2012,    11,   9,       5, False
20121110, 2012-11-10, 2012,    11,  10,       6, True
20121111, 2012-11-11, 2012,    11,  11,       7, True
20121112, 2012-11-12, 2012,    11,  12,       1, False
20121113, 2012-11-13, 2012,    11,  13,       2, False
20121114, 2012-11-14, 2012,    11,  14,       3, False
20121115, 2012-11-15, 2012,    11,  15,       4, False
20121116, 2012-11-16, 2012,    11,  16,       5, False
20121117, 2012-11-17, 2012,    11,  17,       6, True
20121118, 2012-11-18, 2012,    11,  18,       7, True
20121119, 2012-11-19, 2012,    11,  19,       1, False
20121120, 2012-11-20, 2012,    11,  20,       2, False
20121121, 2012-11-21, 2012,    11,  21,       3, False
20121122, 2012-11-22, 2012,    11,  22,       4, False
20121123, 2012-11-23, 2012,    11,  23,       5, False
20121124, 2012-11-24, 2012,    11,  24,       6, True
20121125, 2012-11-25, 2012,    11,  25,       7, True
20121126, 2012-11-26, 2012,    11,  26,       1, False
20121127, 2012-11-27, 2012,    11,  27,       2, False
20121128, 2012-11-28, 2012,    11,  28,       3, False
20121129, 2012-11-29, 2012,    11,  29,       4, False
20121130, 2012-11-30, 2012,    11,  30,       5, False
20121201, 2012-12-01, 2012,    12,   1,       6, True
20121202, 2012-12-02, 2012,    12,   2,       7, True
20121203, 2012-12-03, 2012,    12,   3,       1, False
20121204, 2012-12-04, 2012,    12,   4,       2, False
20121205, 2012-12-05, 2012,    12,   5,       3, False
20121206, 2012-12-06, 2012,    12,   6,       4, False
20121207, 2012-12-07, 2012,    12,   7,       5, False
20121208, 2012-12-08, 2012,    12,   8,       6, True
20121209, 2012-12-09, 2012,    12,   9,       7, True
20121210, 2012-12-10, 2012,    12,  10,       1, False
20121211, 2012-12-11, 2012,    12,  11,       2, False
20121212, 2012-12-12, 2012,    12,  12,       3, False
20121213, 2012-12-13, 2012,    12,  13,       4, False
20121214, 2012-12-14, 2012,    12,  14,       5, False
20121215, 2012-12-15, 2012,    12,  15,       6, True
20121216, 2012-12-16, 2012,    12,  16,       7, True
20121217, 2012-12-17, 2012,    12,  17,       1, False
20121218, 2012-12-18, 2012,    12,  18,       2, False
20121219, 2012-12-19, 2012,    12,  19,       3, False
20121220, 2012-12-20, 2012,    12,  20,       4, False
20121221, 2012-12-21, 2012,    12,  21,       5, False
20121222, 2012-12-22, 2012,    12,  22,       6, True
20121223, 2012-12-23, 2012,    12,  23,       7, True
20121224, 2012-12-24, 2012,    12,  24,       1, False
20121225, 2012-12-25, 2012,    12,  25,       2, False
20121226, 2012-12-26, 2012,    12,  26,       3, False
20121227, 2012-12-27, 2012,    12,  27,       4, False
20121228, 2012-12-28, 2012,    12,  28,       5, False
20121229, 2012-12-29, 2012,    12,  29,       6, True
20121230, 2012-12-30, 2012,    12,  30,       7, True
20121231, 2012-12-31, 2012,    12,  31,       1, False
